gene	is.driver	cluster	Diagnosis.ref.count	Recurrence.ref.count	Deceased.ref.count	Diagnosis.var.count	Recurrence.var.count	Deceased.var.count	Diagnosis.vaf	Recurrence.vaf	Deceased.vaf	Diagnosis.ccf	Recurrence.ccf	Deceased.ccf
TP53_1	TRUE	1	49	0	0	41	0	0	45.55555556	0	0	91.11111111	0	0
TP53_2	TRUE	1	36	0	0	35	0	0	49.29577465	0	0	98.5915493	0	0
TP53_3	TRUE	2	0	51	0	0	31	0	0	37.80487805	0	0	75.6097561	0
TP53_4	TRUE	2	0	47	0	0	8	0	0	14.54545455	0	0	29.09090909	0
TP53_5	TRUE	3	0	0	48	0	0	70	0	0	59.3220339	0	0	100
TP53_6	TRUE	3	0	0	45	0	0	57	0	0	55.88235294	0	0	100
TP53_7	TRUE	3	0	0	82	0	0	47	0	0	36.43410853	0	0	72.86821705
TP53_8	TRUE	3	0	0	52	0	0	22	0	0	29.72972973	0	0	59.45945946
TP53_9	TRUE	3	0	0	59	0	0	8	0	0	11.94029851	0	0	23.88059701
TP53_10	TRUE	3	0	0	66	0	0	48	0	0	42.10526316	0	0	84.21052632
TP53_11	TRUE	3	0	0	53	0	0	19	0	0	26.38888889	0	0	52.77777778
TP53_12	TRUE	3	0	0	91	0	0	28	0	0	23.52941176	0	0	47.05882353
TP53_13	TRUE	3	0	0	71	0	0	22	0	0	23.65591398	0	0	47.31182796
NF1	TRUE	2	0	76	0	0	3	0	0	3.797468354	0	0	7.594936709	0
MUC17_1	TRUE	2	0	82	0	0	6	0	0	6.818181818	0	0	13.63636364	0
MUC17_2	TRUE	3	0	0	81	0	0	12	0	0	12.90322581	0	0	25.80645161
MUC17_3	TRUE	3	0	0	85	0	0	16	0	0	15.84158416	0	0	31.68316832
MAGEC1	TRUE	3	0	0	23	0	0	4	0	0	14.81481481	0	0	29.62962963
AHNAK2_1	TRUE	2	0	26	0	0	0	0	0	0	0	0	0	0
AHNAK2_2	TRUE	3	0	0	37	0	0	12	0	0	24.48979592	0	0	48.97959184
AHNAK2_3	TRUE	3	0	0	56	0	0	20	0	0	26.31578947	0	0	52.63157895
AHNAK2_4	TRUE	3	0	0	98	0	0	6	0	0	5.769230769	0	0	11.53846154
AHNAK2_5	TRUE	3	0	0	52	0	0	9	0	0	14.75409836	0	0	29.50819672
AHNAK2_6	TRUE	3	0	0	133	0	0	10	0	0	6.993006993	0	0	13.98601399
-	FALSE	1	60	0	0	4	0	0	6.25	0	0	12.5	0	0
-	FALSE	1	25	0	0	4	0	0	13.79310345	0	0	27.5862069	0	0
-	FALSE	1	161	0	0	147	0	0	47.72727273	0	0	95.45454545	0	0
-	FALSE	1	11	0	0	42	0	0	79.24528302	0	0	79.24528302	0	0
-	FALSE	1	80	0	0	18	0	0	18.36734694	0	0	36.73469388	0	0
-	FALSE	1	67	0	0	56	0	0	45.52845528	0	0	91.05691057	0	0
-	FALSE	1	68	0	0	35	0	0	33.98058252	0	0	67.96116505	0	0
-	FALSE	1	53	0	0	52	0	0	49.52380952	0	0	99.04761905	0	0
-	FALSE	1	54	0	0	33	0	0	37.93103448	0	0	75.86206897	0	0
-	FALSE	1	17	0	0	37	0	0	68.51851852	0	0	68.51851852	0	0
-	FALSE	1	71	0	0	40	0	0	36.03603604	0	0	72.07207207	0	0
-	FALSE	1	67	0	0	32	0	0	32.32323232	0	0	64.64646465	0	0
-	FALSE	1	64	0	0	30	0	0	31.91489362	0	0	63.82978723	0	0
-	FALSE	1	86	0	0	8	0	0	8.510638298	0	0	17.0212766	0	0
-	FALSE	1	64	0	0	5	0	0	7.246376812	0	0	14.49275362	0	0
-	FALSE	1	62	0	0	3	0	0	4.615384615	0	0	9.230769231	0	0
-	FALSE	1	80	0	0	20	0	0	20	0	0	40	0	0
-	FALSE	1	68	0	0	20	0	0	22.72727273	0	0	45.45454545	0	0
-	FALSE	1	21	0	0	48	0	0	69.56521739	0	0	69.56521739	0	0
-	FALSE	1	16	0	0	31	0	0	65.95744681	0	0	65.95744681	0	0
-	FALSE	1	7	0	0	4	0	0	36.36363636	0	0	72.72727273	0	0
-	FALSE	1	71	0	0	38	0	0	34.86238532	0	0	69.72477064	0	0
-	FALSE	1	56	0	0	34	0	0	37.77777778	0	0	75.55555556	0	0
-	FALSE	1	13	0	0	36	0	0	73.46938776	0	0	73.46938776	0	0
-	FALSE	1	79	0	0	33	0	0	29.46428571	0	0	58.92857143	0	0
-	FALSE	1	70	0	0	35	0	0	33.33333333	0	0	66.66666667	0	0
-	FALSE	1	20	0	0	3	0	0	13.04347826	0	0	26.08695652	0	0
-	FALSE	1	64	0	0	35	0	0	35.35353535	0	0	70.70707071	0	0
-	FALSE	1	55	0	0	33	0	0	37.5	0	0	75	0	0
-	FALSE	2	0	55	0	0	30	0	0	35.29411765	0	0	70.58823529	0
-	FALSE	2	0	72	0	0	13	0	0	15.29411765	0	0	30.58823529	0
-	FALSE	2	0	47	0	0	0	0	0	0	0	0	0	0
-	FALSE	2	0	75	0	0	3	0	0	3.846153846	0	0	7.692307692	0
-	FALSE	2	0	52	0	0	14	0	0	21.21212121	0	0	42.42424242	0
-	FALSE	2	0	48	0	0	3	0	0	5.882352941	0	0	11.76470588	0
-	FALSE	2	0	49	0	0	11	0	0	18.33333333	0	0	36.66666667	0
-	FALSE	2	0	36	0	0	14	0	0	28	0	0	56	0
-	FALSE	2	0	63	0	0	33	0	0	34.375	0	0	68.75	0
-	FALSE	2	0	61	0	0	3	0	0	4.6875	0	0	9.375	0
-	FALSE	2	0	66	0	0	29	0	0	30.52631579	0	0	61.05263158	0
-	FALSE	2	0	57	0	0	29	0	0	33.72093023	0	0	67.44186047	0
-	FALSE	2	0	54	0	0	12	0	0	18.18181818	0	0	36.36363636	0
-	FALSE	2	0	60	0	0	36	0	0	37.5	0	0	75	0
-	FALSE	2	0	65	0	0	37	0	0	36.2745098	0	0	72.54901961	0
-	FALSE	2	0	77	0	0	45	0	0	36.8852459	0	0	73.7704918	0
-	FALSE	2	0	51	0	0	0	0	0	0	0	0	0	0
-	FALSE	2	0	64	0	0	2	0	0	3.03030303	0	0	6.060606061	0
-	FALSE	2	0	100	0	0	3	0	0	2.912621359	0	0	5.825242718	0
-	FALSE	2	0	41	0	0	0	0	0	0	0	0	0	0
-	FALSE	2	0	42	0	0	29	0	0	40.84507042	0	0	81.69014085	0
-	FALSE	2	0	27	0	0	0	0	0	0	0	0	0	0
-	FALSE	2	0	63	0	0	17	0	0	21.25	0	0	42.5	0
-	FALSE	2	0	66	0	0	22	0	0	25	0	0	50	0
-	FALSE	2	0	57	0	0	2	0	0	3.389830508	0	0	6.779661017	0
-	FALSE	2	0	57	0	0	12	0	0	17.39130435	0	0	34.7826087	0
-	FALSE	2	0	62	0	0	7	0	0	10.14492754	0	0	20.28985507	0
-	FALSE	2	0	68	0	0	43	0	0	38.73873874	0	0	77.47747748	0
-	FALSE	2	0	57	0	0	16	0	0	21.91780822	0	0	43.83561644	0
-	FALSE	2	0	66	0	0	4	0	0	5.714285714	0	0	11.42857143	0
-	FALSE	2	0	48	0	0	0	0	0	0	0	0	0	0
-	FALSE	2	0	112	0	0	5	0	0	4.273504274	0	0	8.547008547	0
-	FALSE	2	0	48	0	0	3	0	0	5.882352941	0	0	11.76470588	0
-	FALSE	2	0	44	0	0	21	0	0	32.30769231	0	0	64.61538462	0
-	FALSE	2	0	68	0	0	8	0	0	10.52631579	0	0	21.05263158	0
-	FALSE	2	0	44	0	0	2	0	0	4.347826087	0	0	8.695652174	0
-	FALSE	2	0	47	0	0	12	0	0	20.33898305	0	0	40.6779661	0
-	FALSE	2	0	49	0	0	0	0	0	0	0	0	0	0
-	FALSE	2	0	64	0	0	17	0	0	20.98765432	0	0	41.97530864	0
-	FALSE	2	0	71	0	0	13	0	0	15.47619048	0	0	30.95238095	0
-	FALSE	2	0	47	0	0	15	0	0	24.19354839	0	0	48.38709677	0
-	FALSE	2	0	65	0	0	5	0	0	7.142857143	0	0	14.28571429	0
-	FALSE	2	0	63	0	0	47	0	0	42.72727273	0	0	85.45454545	0
-	FALSE	2	0	54	0	0	0	0	0	0	0	0	0	0
-	FALSE	2	0	53	0	0	13	0	0	19.6969697	0	0	39.39393939	0
-	FALSE	2	0	65	0	0	17	0	0	20.73170732	0	0	41.46341463	0
-	FALSE	2	0	45	0	0	0	0	0	0	0	0	0	0
-	FALSE	2	0	52	0	0	13	0	0	20	0	0	40	0
-	FALSE	2	0	52	0	0	13	0	0	20	0	0	40	0
-	FALSE	2	0	77	0	0	25	0	0	24.50980392	0	0	49.01960784	0
-	FALSE	2	0	15	0	0	15	0	0	50	0	0	100	0
-	FALSE	3	0	0	76	0	0	39	0	0	33.91304348	0	0	67.82608696
-	FALSE	3	0	0	90	0	0	60	0	0	40	0	0	80
-	FALSE	3	0	0	79	0	0	64	0	0	44.75524476	0	0	89.51048951
-	FALSE	3	0	0	100	0	0	54	0	0	35.06493506	0	0	70.12987013
-	FALSE	3	0	0	53	0	0	53	0	0	50	0	0	100
-	FALSE	3	0	0	35	0	0	45	0	0	56.25	0	0	100
-	FALSE	3	0	0	3	0	0	50	0	0	94.33962264	0	0	94.33962264
-	FALSE	3	0	0	27	0	0	18	0	0	40	0	0	80
-	FALSE	3	0	0	58	0	0	45	0	0	43.68932039	0	0	87.37864078
-	FALSE	3	0	0	58	0	0	102	0	0	63.75	0	0	63.75
-	FALSE	3	0	0	89	0	0	18	0	0	16.82242991	0	0	33.64485981
-	FALSE	3	0	0	56	0	0	62	0	0	52.54237288	0	0	100
-	FALSE	3	0	0	50	0	0	70	0	0	58.33333333	0	0	100
-	FALSE	3	0	0	46	0	0	41	0	0	47.12643678	0	0	94.25287356
-	FALSE	3	0	0	82	0	0	68	0	0	45.33333333	0	0	90.66666667
-	FALSE	3	0	0	58	0	0	62	0	0	51.66666667	0	0	100
-	FALSE	3	0	0	81	0	0	61	0	0	42.95774648	0	0	85.91549296
-	FALSE	3	0	0	3	0	0	75	0	0	96.15384615	0	0	96.15384615
-	FALSE	3	0	0	25	0	0	24	0	0	48.97959184	0	0	97.95918367
-	FALSE	3	0	0	79	0	0	68	0	0	46.2585034	0	0	92.5170068
-	FALSE	3	0	0	153	0	0	9	0	0	5.555555556	0	0	11.11111111
-	FALSE	3	0	0	57	0	0	64	0	0	52.89256198	0	0	100
-	FALSE	3	0	0	66	0	0	17	0	0	20.48192771	0	0	40.96385542
-	FALSE	3	0	0	53	0	0	43	0	0	44.79166667	0	0	89.58333333
-	FALSE	3	0	0	55	0	0	62	0	0	52.99145299	0	0	100
-	FALSE	3	0	0	75	0	0	66	0	0	46.80851064	0	0	93.61702128
-	FALSE	3	0	0	52	0	0	49	0	0	48.51485149	0	0	97.02970297
-	FALSE	3	0	0	108	0	0	19	0	0	14.96062992	0	0	29.92125984
-	FALSE	3	0	0	48	0	0	14	0	0	22.58064516	0	0	45.16129032
-	FALSE	3	0	0	265	0	0	10	0	0	3.636363636	0	0	7.272727273
-	FALSE	3	0	0	24	0	0	29	0	0	54.71698113	0	0	100
-	FALSE	3	0	0	27	0	0	26	0	0	49.05660377	0	0	98.11320755
-	FALSE	3	0	0	89	0	0	8	0	0	8.24742268	0	0	16.49484536
-	FALSE	3	0	0	83	0	0	11	0	0	11.70212766	0	0	23.40425532
-	FALSE	3	0	0	43	0	0	50	0	0	53.76344086	0	0	100
-	FALSE	3	0	0	67	0	0	67	0	0	50	0	0	100
-	FALSE	3	0	0	50	0	0	47	0	0	48.45360825	0	0	96.90721649
-	FALSE	3	0	0	97	0	0	19	0	0	16.37931034	0	0	32.75862069
-	FALSE	3	0	0	51	0	0	33	0	0	39.28571429	0	0	78.57142857
-	FALSE	3	0	0	45	0	0	51	0	0	53.125	0	0	100
-	FALSE	3	0	0	66	0	0	78	0	0	54.16666667	0	0	100
-	FALSE	3	0	0	57	0	0	14	0	0	19.71830986	0	0	39.43661972
-	FALSE	3	0	0	51	0	0	52	0	0	50.48543689	0	0	100
-	FALSE	3	0	0	52	0	0	46	0	0	46.93877551	0	0	93.87755102
-	FALSE	3	0	0	107	0	0	6	0	0	5.309734513	0	0	10.61946903
-	FALSE	3	0	0	37	0	0	59	0	0	61.45833333	0	0	61.45833333
-	FALSE	3	0	0	75	0	0	45	0	0	37.5	0	0	75
-	FALSE	3	0	0	46	0	0	40	0	0	46.51162791	0	0	93.02325581
-	FALSE	3	0	0	84	0	0	14	0	0	14.28571429	0	0	28.57142857
-	FALSE	3	0	0	89	0	0	16	0	0	15.23809524	0	0	30.47619048
-	FALSE	3	0	0	84	0	0	23	0	0	21.4953271	0	0	42.99065421
-	FALSE	3	0	0	97	0	0	83	0	0	46.11111111	0	0	92.22222222
-	FALSE	3	0	0	1	0	0	35	0	0	97.22222222	0	0	97.22222222
-	FALSE	3	0	0	57	0	0	22	0	0	27.84810127	0	0	55.69620253
-	FALSE	3	0	0	57	0	0	32	0	0	35.95505618	0	0	71.91011236
-	FALSE	3	0	0	85	0	0	16	0	0	15.84158416	0	0	31.68316832
-	FALSE	3	0	0	79	0	0	18	0	0	18.55670103	0	0	37.11340206
-	FALSE	3	0	0	63	0	0	22	0	0	25.88235294	0	0	51.76470588
-	FALSE	3	0	0	71	0	0	2	0	0	2.739726027	0	0	5.479452055
-	FALSE	3	0	0	47	0	0	23	0	0	32.85714286	0	0	65.71428571
-	FALSE	3	0	0	85	0	0	48	0	0	36.09022556	0	0	72.18045113
-	FALSE	3	0	0	84	0	0	40	0	0	32.25806452	0	0	64.51612903
-	FALSE	3	0	0	73	0	0	38	0	0	34.23423423	0	0	68.46846847
-	FALSE	3	0	0	57	0	0	25	0	0	30.48780488	0	0	60.97560976
-	FALSE	3	0	0	58	0	0	1	0	0	1.694915254	0	0	3.389830508
-	FALSE	3	0	0	29	0	0	52	0	0	64.19753086	0	0	64.19753086
-	FALSE	3	0	0	54	0	0	21	0	0	28	0	0	56
-	FALSE	3	0	0	60	0	0	22	0	0	26.82926829	0	0	53.65853659
-	FALSE	3	0	0	89	0	0	69	0	0	43.67088608	0	0	87.34177215
-	FALSE	3	0	0	81	0	0	54	0	0	40	0	0	80
-	FALSE	3	0	0	49	0	0	14	0	0	22.22222222	0	0	44.44444444
-	FALSE	3	0	0	103	0	0	59	0	0	36.41975309	0	0	72.83950617
-	FALSE	3	0	0	76	0	0	42	0	0	35.59322034	0	0	71.18644068
-	FALSE	3	0	0	28	0	0	0	0	0	0	0	0	0
-	FALSE	3	0	0	88	0	0	54	0	0	38.02816901	0	0	76.05633803
-	FALSE	3	0	0	61	0	0	19	0	0	23.75	0	0	47.5
-	FALSE	3	0	0	59	0	0	47	0	0	44.33962264	0	0	88.67924528
-	FALSE	3	0	0	89	0	0	44	0	0	33.08270677	0	0	66.16541353
-	FALSE	3	0	0	61	0	0	21	0	0	25.6097561	0	0	51.2195122
-	FALSE	3	0	0	34	0	0	13	0	0	27.65957447	0	0	55.31914894
-	FALSE	3	0	0	57	0	0	21	0	0	26.92307692	0	0	53.84615385
-	FALSE	3	0	0	72	0	0	22	0	0	23.40425532	0	0	46.80851064
-	FALSE	3	0	0	73	0	0	12	0	0	14.11764706	0	0	28.23529412
-	FALSE	3	0	0	42	0	0	24	0	0	36.36363636	0	0	72.72727273
-	FALSE	3	0	0	45	0	0	21	0	0	31.81818182	0	0	63.63636364
-	FALSE	3	0	0	49	0	0	0	0	0	0	0	0	0
-	FALSE	3	0	0	134	0	0	18	0	0	11.84210526	0	0	23.68421053
-	FALSE	3	0	0	67	0	0	20	0	0	22.98850575	0	0	45.97701149
-	FALSE	3	0	0	60	0	0	27	0	0	31.03448276	0	0	62.06896552
-	FALSE	3	0	0	50	0	0	20	0	0	28.57142857	0	0	57.14285714
-	FALSE	3	0	0	77	0	0	40	0	0	34.18803419	0	0	68.37606838
-	FALSE	3	0	0	64	0	0	24	0	0	27.27272727	0	0	54.54545455
-	FALSE	3	0	0	45	0	0	0	0	0	0	0	0	0
-	FALSE	3	0	0	103	0	0	21	0	0	16.93548387	0	0	33.87096774
-	FALSE	3	0	0	108	0	0	46	0	0	29.87012987	0	0	59.74025974
-	FALSE	3	0	0	63	0	0	0	0	0	0	0	0	0
-	FALSE	3	0	0	58	0	0	18	0	0	23.68421053	0	0	47.36842105
-	FALSE	3	0	0	105	0	0	52	0	0	33.12101911	0	0	66.24203822
-	FALSE	3	0	0	60	0	0	12	0	0	16.66666667	0	0	33.33333333
-	FALSE	3	0	0	14	0	0	23	0	0	62.16216216	0	0	62.16216216
-	FALSE	3	0	0	77	0	0	8	0	0	9.411764706	0	0	18.82352941
-	FALSE	3	0	0	51	0	0	4	0	0	7.272727273	0	0	14.54545455
-	FALSE	3	0	0	58	0	0	5	0	0	7.936507937	0	0	15.87301587
-	FALSE	3	0	0	68	0	0	9	0	0	11.68831169	0	0	23.37662338
-	FALSE	3	0	0	69	0	0	4	0	0	5.479452055	0	0	10.95890411
-	FALSE	3	0	0	59	0	0	6	0	0	9.230769231	0	0	18.46153846
-	FALSE	3	0	0	78	0	0	6	0	0	7.142857143	0	0	14.28571429
-	FALSE	3	0	0	82	0	0	8	0	0	8.888888889	0	0	17.77777778
-	FALSE	3	0	0	71	0	0	7	0	0	8.974358974	0	0	17.94871795
-	FALSE	3	0	0	43	0	0	7	0	0	14	0	0	28
-	FALSE	3	0	0	74	0	0	11	0	0	12.94117647	0	0	25.88235294
-	FALSE	3	0	0	77	0	0	6	0	0	7.228915663	0	0	14.45783133
-	FALSE	3	0	0	52	0	0	9	0	0	14.75409836	0	0	29.50819672
-	FALSE	3	0	0	65	0	0	8	0	0	10.95890411	0	0	21.91780822
-	FALSE	3	0	0	85	0	0	7	0	0	7.608695652	0	0	15.2173913
-	FALSE	3	0	0	23	0	0	10	0	0	30.3030303	0	0	60.60606061
-	FALSE	3	0	0	70	0	0	4	0	0	5.405405405	0	0	10.81081081
-	FALSE	3	0	0	80	0	0	8	0	0	9.090909091	0	0	18.18181818
-	FALSE	3	0	0	61	0	0	4	0	0	6.153846154	0	0	12.30769231
-	FALSE	3	0	0	34	0	0	7	0	0	17.07317073	0	0	34.14634146
-	FALSE	3	0	0	72	0	0	5	0	0	6.493506494	0	0	12.98701299
-	FALSE	3	0	0	68	0	0	4	0	0	5.555555556	0	0	11.11111111
-	FALSE	3	0	0	90	0	0	6	0	0	6.25	0	0	12.5
-	FALSE	3	0	0	69	0	0	9	0	0	11.53846154	0	0	23.07692308
-	FALSE	3	0	0	70	0	0	46	0	0	39.65517241	0	0	79.31034483
-	FALSE	3	0	0	59	0	0	39	0	0	39.79591837	0	0	79.59183673
-	FALSE	3	0	0	76	0	0	24	0	0	24	0	0	48
-	FALSE	3	0	0	79	0	0	15	0	0	15.95744681	0	0	31.91489362
-	FALSE	3	0	0	61	0	0	12	0	0	16.43835616	0	0	32.87671233
-	FALSE	3	0	0	47	0	0	17	0	0	26.5625	0	0	53.125
-	FALSE	3	0	0	113	0	0	4	0	0	3.418803419	0	0	6.837606838
-	FALSE	3	0	0	45	0	0	29	0	0	39.18918919	0	0	78.37837838
-	FALSE	3	0	0	72	0	0	5	0	0	6.493506494	0	0	12.98701299
-	FALSE	3	0	0	61	0	0	51	0	0	45.53571429	0	0	91.07142857
-	FALSE	3	0	0	83	0	0	58	0	0	41.13475177	0	0	82.26950355
-	FALSE	3	0	0	73	0	0	39	0	0	34.82142857	0	0	69.64285714
-	FALSE	3	0	0	62	0	0	48	0	0	43.63636364	0	0	87.27272727
-	FALSE	3	0	0	50	0	0	0	0	0	0	0	0	0
-	FALSE	3	0	0	56	0	0	17	0	0	23.28767123	0	0	46.57534247
-	FALSE	3	0	0	53	0	0	53	0	0	50	0	0	100
-	FALSE	3	0	0	82	0	0	48	0	0	36.92307692	0	0	73.84615385
-	FALSE	3	0	0	76	0	0	41	0	0	35.04273504	0	0	70.08547009
-	FALSE	3	0	0	79	0	0	15	0	0	15.95744681	0	0	31.91489362
-	FALSE	3	0	0	73	0	0	3	0	0	3.947368421	0	0	7.894736842
-	FALSE	3	0	0	75	0	0	50	0	0	40	0	0	80
-	FALSE	3	0	0	56	0	0	35	0	0	38.46153846	0	0	76.92307692
-	FALSE	3	0	0	28	0	0	0	0	0	0	0	0	0
-	FALSE	3	0	0	64	0	0	12	0	0	15.78947368	0	0	31.57894737
-	FALSE	3	0	0	76	0	0	46	0	0	37.70491803	0	0	75.40983607
-	FALSE	3	0	0	71	0	0	16	0	0	18.3908046	0	0	36.7816092
-	FALSE	3	0	0	87	0	0	37	0	0	29.83870968	0	0	59.67741935
-	FALSE	3	0	0	68	0	0	10	0	0	12.82051282	0	0	25.64102564
-	FALSE	3	0	0	63	0	0	26	0	0	29.21348315	0	0	58.42696629
-	FALSE	3	0	0	63	0	0	29	0	0	31.52173913	0	0	63.04347826
-	FALSE	3	0	0	82	0	0	44	0	0	34.92063492	0	0	69.84126984
-	FALSE	3	0	0	52	0	0	20	0	0	27.77777778	0	0	55.55555556
-	FALSE	3	0	0	73	0	0	16	0	0	17.97752809	0	0	35.95505618
-	FALSE	3	0	0	46	0	0	0	0	0	0	0	0	0
-	FALSE	3	0	0	56	0	0	17	0	0	23.28767123	0	0	46.57534247
-	FALSE	3	0	0	67	0	0	15	0	0	18.29268293	0	0	36.58536585
-	FALSE	3	0	0	72	0	0	16	0	0	18.18181818	0	0	36.36363636
-	FALSE	3	0	0	40	0	0	16	0	0	28.57142857	0	0	57.14285714
-	FALSE	3	0	0	49	0	0	0	0	0	0	0	0	0
-	FALSE	3	0	0	62	0	0	24	0	0	27.90697674	0	0	55.81395349
-	FALSE	3	0	0	52	0	0	10	0	0	16.12903226	0	0	32.25806452
-	FALSE	3	0	0	54	0	0	19	0	0	26.02739726	0	0	52.05479452
-	FALSE	3	0	0	49	0	0	16	0	0	24.61538462	0	0	49.23076923
-	FALSE	3	0	0	65	0	0	46	0	0	41.44144144	0	0	82.88288288
-	FALSE	3	0	0	54	0	0	23	0	0	29.87012987	0	0	59.74025974
-	FALSE	3	0	0	60	0	0	23	0	0	27.71084337	0	0	55.42168675
-	FALSE	3	0	0	45	0	0	0	0	0	0	0	0	0
-	FALSE	3	0	0	102	0	0	4	0	0	3.773584906	0	0	7.547169811
-	FALSE	3	0	0	57	0	0	18	0	0	24	0	0	48
-	FALSE	3	0	0	55	0	0	21	0	0	27.63157895	0	0	55.26315789
-	FALSE	3	0	0	75	0	0	52	0	0	40.94488189	0	0	81.88976378
-	FALSE	3	0	0	14	0	0	19	0	0	57.57575758	0	0	100
-	FALSE	3	0	0	120	0	0	29	0	0	19.46308725	0	0	38.9261745
-	FALSE	3	0	0	109	0	0	25	0	0	18.65671642	0	0	37.31343284
-	FALSE	3	0	0	85	0	0	28	0	0	24.77876106	0	0	49.55752212
-	FALSE	3	0	0	46	0	0	38	0	0	45.23809524	0	0	90.47619048
-	FALSE	3	0	0	142	0	0	48	0	0	25.26315789	0	0	50.52631579
-	FALSE	3	0	0	111	0	0	25	0	0	18.38235294	0	0	36.76470588
-	FALSE	3	0	0	86	0	0	28	0	0	24.56140351	0	0	49.12280702
-	FALSE	3	0	0	79	0	0	17	0	0	17.70833333	0	0	35.41666667
-	FALSE	3	0	0	102	0	0	46	0	0	31.08108108	0	0	62.16216216
-	FALSE	3	0	0	100	0	0	7	0	0	6.542056075	0	0	13.08411215
-	FALSE	3	0	0	123	0	0	57	0	0	31.66666667	0	0	63.33333333
-	FALSE	3	0	0	110	0	0	8	0	0	6.779661017	0	0	13.55932203
-	FALSE	3	0	0	104	0	0	27	0	0	20.61068702	0	0	41.22137405
-	FALSE	3	0	0	114	0	0	8	0	0	6.557377049	0	0	13.1147541
-	FALSE	3	0	0	79	0	0	17	0	0	17.70833333	0	0	35.41666667
-	FALSE	3	0	0	40	0	0	19	0	0	32.20338983	0	0	64.40677966
-	FALSE	3	0	0	96	0	0	14	0	0	12.72727273	0	0	25.45454545
-	FALSE	3	0	0	124	0	0	7	0	0	5.34351145	0	0	10.6870229
-	FALSE	3	0	0	58	0	0	28	0	0	32.55813953	0	0	65.11627907
-	FALSE	3	0	0	83	0	0	40	0	0	32.5203252	0	0	65.04065041
-	FALSE	3	0	0	78	0	0	28	0	0	26.41509434	0	0	52.83018868
-	FALSE	3	0	0	86	0	0	20	0	0	18.86792453	0	0	37.73584906
-	FALSE	3	0	0	95	0	0	25	0	0	20.83333333	0	0	41.66666667
-	FALSE	3	0	0	87	0	0	21	0	0	19.44444444	0	0	38.88888889
-	FALSE	3	0	0	67	0	0	14	0	0	17.28395062	0	0	34.56790123
-	FALSE	3	0	0	80	0	0	30	0	0	27.27272727	0	0	54.54545455
-	FALSE	3	0	0	132	0	0	51	0	0	27.86885246	0	0	55.73770492
-	FALSE	3	0	0	20	0	0	28	0	0	58.33333333	0	0	100
-	FALSE	3	0	0	36	0	0	6	0	0	14.28571429	0	0	28.57142857