gene	cluster	Diagnosis.ref.count	Recurrence.ref.count	Deceased.ref.count	Diagnosis.var.count	Recurrence.var.count	Deceased.var.count	Diagnosis.vaf	Recurrence.vaf	Deceased.vaf	Diagnosis.ccf	Recurrence.ccf	Deceased.ccf	is.driver
	1	60	0	0	4	0	0	6.25	0	0	12.5	0	0	FALSE
	1	25	0	0	4	0	0	13.793103448275861	0	0	27.586206896551722	0	0	FALSE
	1	161	0	0	147	0	0	47.72727272727273	0	0	95.45454545454545	0	0	FALSE
	1	11	0	0	42	0	0	79.24528301886792	0	0	79.24528301886792	0	0	FALSE
	1	80	0	0	18	0	0	18.367346938775512	0	0	36.734693877551024	0	0	FALSE
	1	67	0	0	56	0	0	45.52845528455284	0	0	91.05691056910568	0	0	FALSE
	1	68	0	0	35	0	0	33.980582524271846	0	0	67.96116504854369	0	0	FALSE
	1	53	0	0	52	0	0	49.523809523809526	0	0	99.04761904761904	0	0	FALSE
	1	54	0	0	33	0	0	37.93103448275862	0	0	75.86206896551724	0	0	FALSE
	1	17	0	0	37	0	0	68.51851851851852	0	0	68.51851851851852	0	0	FALSE
	1	71	0	0	40	0	0	36.03603603603604	0	0	72.07207207207207	0	0	FALSE
	1	67	0	0	32	0	0	32.323232323232325	0	0	64.64646464646465	0	0	FALSE
	1	64	0	0	30	0	0	31.914893617021278	0	0	63.829787234042556	0	0	FALSE
	1	86	0	0	8	0	0	8.51063829787234	0	0	17.02127659574468	0	0	FALSE
	1	64	0	0	5	0	0	7.246376811594203	0	0	14.492753623188406	0	0	FALSE
	1	62	0	0	3	0	0	4.615384615384615	0	0	9.23076923076923	0	0	FALSE
	1	80	0	0	20	0	0	20	0	0	40	0	0	FALSE
	1	68	0	0	20	0	0	22.72727272727273	0	0	45.45454545454546	0	0	FALSE
	1	21	0	0	48	0	0	69.56521739130434	0	0	69.56521739130434	0	0	FALSE
	1	16	0	0	31	0	0	65.95744680851064	0	0	65.95744680851064	0	0	FALSE
	1	7	0	0	4	0	0	36.36363636363637	0	0	72.72727272727273	0	0	FALSE
TP53	1	49	0	0	41	0	0	45.55555555555556	0	0	91.11111111111111	0	0	TRUE
TP53	1	36	0	0	35	0	0	49.29577464788733	0	0	98.59154929577466	0	0	TRUE
	1	71	0	0	38	0	0	34.862385321100916	0	0	69.72477064220183	0	0	FALSE
	1	56	0	0	34	0	0	37.77777777777778	0	0	75.55555555555556	0	0	FALSE
	1	13	0	0	36	0	0	73.46938775510205	0	0	73.46938775510205	0	0	FALSE
	1	79	0	0	33	0	0	29.464285714285715	0	0	58.92857142857143	0	0	FALSE
	1	70	0	0	35	0	0	33.33333333333333	0	0	66.66666666666666	0	0	FALSE
	1	20	0	0	3	0	0	13.043478260869565	0	0	26.08695652173913	0	0	FALSE
	1	64	0	0	35	0	0	35.35353535353536	0	0	70.70707070707071	0	0	FALSE
	1	55	0	0	33	0	0	37.5	0	0	75	0	0	FALSE
	2	0	55	0	0	30	0	0	35.294117647058826	0	0	70.58823529411765	0	FALSE
	2	0	72	0	0	13	0	0	15.294117647058824	0	0	30.58823529411765	0	FALSE
	2	0	47	0	0	0	0	0	0	0	0	0	0	FALSE
	2	0	75	0	0	3	0	0	3.846153846153846	0	0	7.692307692307692	0	FALSE
	2	0	52	0	0	14	0	0	21.21212121212121	0	0	42.42424242424242	0	FALSE
	2	0	48	0	0	3	0	0	5.88235294117647	0	0	11.76470588235294	0	FALSE
	2	0	49	0	0	11	0	0	18.333333333333332	0	0	36.666666666666664	0	FALSE
	2	0	36	0	0	14	0	0	28.000000000000004	0	0	56.00000000000001	0	FALSE
	2	0	63	0	0	33	0	0	34.375	0	0	68.75	0	FALSE
	2	0	61	0	0	3	0	0	4.6875	0	0	9.375	0	FALSE
	2	0	66	0	0	29	0	0	30.526315789473685	0	0	61.05263157894737	0	FALSE
	2	0	57	0	0	29	0	0	33.72093023255814	0	0	67.44186046511628	0	FALSE
	2	0	54	0	0	12	0	0	18.181818181818183	0	0	36.36363636363637	0	FALSE
	2	0	60	0	0	36	0	0	37.5	0	0	75	0	FALSE
	2	0	65	0	0	37	0	0	36.27450980392157	0	0	72.54901960784314	0	FALSE
	2	0	77	0	0	45	0	0	36.885245901639344	0	0	73.77049180327869	0	FALSE
	2	0	51	0	0	0	0	0	0	0	0	0	0	FALSE
	2	0	64	0	0	2	0	0	3.03030303030303	0	0	6.06060606060606	0	FALSE
	2	0	100	0	0	3	0	0	2.912621359223301	0	0	5.825242718446602	0	FALSE
MUC17	2	0	82	0	0	6	0	0	6.8181818181818175	0	0	13.636363636363635	0	TRUE
	2	0	41	0	0	0	0	0	0	0	0	0	0	FALSE
	2	0	42	0	0	29	0	0	40.845070422535215	0	0	81.69014084507043	0	FALSE
	2	0	27	0	0	0	0	0	0	0	0	0	0	FALSE
	2	0	63	0	0	17	0	0	21.25	0	0	42.5	0	FALSE
	2	0	66	0	0	22	0	0	25	0	0	50	0	FALSE
	2	0	57	0	0	2	0	0	3.389830508474576	0	0	6.779661016949152	0	FALSE
	2	0	57	0	0	12	0	0	17.391304347826086	0	0	34.78260869565217	0	FALSE
	2	0	62	0	0	7	0	0	10.144927536231883	0	0	20.289855072463766	0	FALSE
	2	0	68	0	0	43	0	0	38.73873873873874	0	0	77.47747747747748	0	FALSE
	2	0	57	0	0	16	0	0	21.91780821917808	0	0	43.83561643835616	0	FALSE
	2	0	66	0	0	4	0	0	5.714285714285714	0	0	11.428571428571429	0	FALSE
	2	0	48	0	0	0	0	0	0	0	0	0	0	FALSE
	2	0	112	0	0	5	0	0	4.2735042735042725	0	0	8.547008547008545	0	FALSE
	2	0	48	0	0	3	0	0	5.88235294117647	0	0	11.76470588235294	0	FALSE
	2	0	44	0	0	21	0	0	32.30769230769231	0	0	64.61538461538461	0	FALSE
	2	0	68	0	0	8	0	0	10.526315789473683	0	0	21.052631578947366	0	FALSE
AHNAK2	2	0	26	0	0	0	0	0	0	0	0	0	0	TRUE
	2	0	44	0	0	2	0	0	4.347826086956521	0	0	8.695652173913041	0	FALSE
TP53	2	0	51	0	0	31	0	0	37.80487804878049	0	0	75.60975609756098	0	TRUE
TP53	2	0	47	0	0	8	0	0	14.545454545454545	0	0	29.09090909090909	0	TRUE
	2	0	47	0	0	12	0	0	20.33898305084746	0	0	40.67796610169492	0	FALSE
	2	0	49	0	0	0	0	0	0	0	0	0	0	FALSE
	2	0	64	0	0	17	0	0	20.98765432098765	0	0	41.9753086419753	0	FALSE
NF1	2	0	76	0	0	3	0	0	3.79746835443038	0	0	7.59493670886076	0	TRUE
	2	0	71	0	0	13	0	0	15.476190476190476	0	0	30.952380952380953	0	FALSE
	2	0	47	0	0	15	0	0	24.193548387096776	0	0	48.38709677419355	0	FALSE
	2	0	65	0	0	5	0	0	7.142857142857142	0	0	14.285714285714285	0	FALSE
	2	0	63	0	0	47	0	0	42.727272727272734	0	0	85.45454545454547	0	FALSE
	2	0	54	0	0	0	0	0	0	0	0	0	0	FALSE
	2	0	53	0	0	13	0	0	19.696969696969695	0	0	39.39393939393939	0	FALSE
	2	0	65	0	0	17	0	0	20.73170731707317	0	0	41.46341463414634	0	FALSE
	2	0	45	0	0	0	0	0	0	0	0	0	0	FALSE
	2	0	52	0	0	13	0	0	20	0	0	40	0	FALSE
	2	0	52	0	0	13	0	0	20	0	0	40	0	FALSE
	2	0	77	0	0	25	0	0	24.509803921568622	0	0	49.019607843137244	0	FALSE
	2	0	15	0	0	15	0	0	50	0	0	100	0	FALSE
	3	0	0	76	0	0	39	0	0	33.91304347826087	0	0	67.82608695652173	FALSE
	3	0	0	90	0	0	60	0	0	40	0	0	80	FALSE
	3	0	0	79	0	0	64	0	0	44.755244755244746	0	0	89.51048951048949	FALSE
	3	0	0	100	0	0	54	0	0	35.064935064935064	0	0	70.12987012987013	FALSE
	3	0	0	53	0	0	53	0	0	50	0	0	100	FALSE
	3	0	0	35	0	0	45	0	0	56.25	0	0	100	FALSE
	3	0	0	3	0	0	50	0	0	94.33962264150944	0	0	94.33962264150944	FALSE
	3	0	0	27	0	0	18	0	0	40	0	0	80	FALSE
	3	0	0	58	0	0	45	0	0	43.689320388349515	0	0	87.37864077669903	FALSE
	3	0	0	58	0	0	102	0	0	63.74999999999999	0	0	63.74999999999999	FALSE
	3	0	0	89	0	0	18	0	0	16.822429906542055	0	0	33.64485981308411	FALSE
	3	0	0	56	0	0	62	0	0	52.54237288135594	0	0	100	FALSE
	3	0	0	50	0	0	70	0	0	58.333333333333336	0	0	100	FALSE
	3	0	0	46	0	0	41	0	0	47.12643678160919	0	0	94.2528735632184	FALSE
	3	0	0	82	0	0	68	0	0	45.33333333333333	0	0	90.66666666666666	FALSE
	3	0	0	58	0	0	62	0	0	51.66666666666667	0	0	100	FALSE
	3	0	0	81	0	0	61	0	0	42.95774647887324	0	0	85.91549295774648	FALSE
	3	0	0	3	0	0	75	0	0	96.15384615384616	0	0	96.15384615384616	FALSE
	3	0	0	25	0	0	24	0	0	48.97959183673469	0	0	97.9591836734694	FALSE
	3	0	0	79	0	0	68	0	0	46.25850340136054	0	0	92.51700680272108	FALSE
	3	0	0	153	0	0	9	0	0	5.555555555555555	0	0	11.11111111111111	FALSE
	3	0	0	57	0	0	64	0	0	52.892561983471076	0	0	100	FALSE
	3	0	0	66	0	0	17	0	0	20.481927710843372	0	0	40.963855421686745	FALSE
	3	0	0	53	0	0	43	0	0	44.79166666666667	0	0	89.58333333333334	FALSE
	3	0	0	55	0	0	62	0	0	52.991452991452995	0	0	100	FALSE
	3	0	0	75	0	0	66	0	0	46.808510638297875	0	0	93.61702127659576	FALSE
	3	0	0	52	0	0	49	0	0	48.51485148514851	0	0	97.02970297029704	FALSE
	3	0	0	108	0	0	19	0	0	14.960629921259844	0	0	29.92125984251969	FALSE
	3	0	0	48	0	0	14	0	0	22.58064516129032	0	0	45.16129032258064	FALSE
	3	0	0	265	0	0	10	0	0	3.6363636363636362	0	0	7.2727272727272725	FALSE
	3	0	0	24	0	0	29	0	0	54.71698113207547	0	0	100	FALSE
	3	0	0	27	0	0	26	0	0	49.056603773584904	0	0	98.11320754716981	FALSE
AHNAK2	3	0	0	37	0	0	12	0	0	24.489795918367342	0	0	48.979591836734684	TRUE
	3	0	0	89	0	0	8	0	0	8.24742268041237	0	0	16.49484536082474	FALSE
	3	0	0	83	0	0	11	0	0	11.702127659574469	0	0	23.404255319148938	FALSE
TP53	3	0	0	48	0	0	70	0	0	59.32203389830508	0	0	100	TRUE
TP53	3	0	0	45	0	0	57	0	0	55.88235294117647	0	0	100	TRUE
	3	0	0	43	0	0	50	0	0	53.76344086021505	0	0	100	FALSE
	3	0	0	67	0	0	67	0	0	50	0	0	100	FALSE
	3	0	0	50	0	0	47	0	0	48.45360824742268	0	0	96.90721649484536	FALSE
	3	0	0	97	0	0	19	0	0	16.379310344827587	0	0	32.758620689655174	FALSE
	3	0	0	51	0	0	33	0	0	39.28571428571429	0	0	78.57142857142858	FALSE
	3	0	0	45	0	0	51	0	0	53.125	0	0	100	FALSE
	3	0	0	66	0	0	78	0	0	54.166666666666664	0	0	100	FALSE
	3	0	0	57	0	0	14	0	0	19.718309859154928	0	0	39.436619718309856	FALSE
	3	0	0	51	0	0	52	0	0	50.48543689320388	0	0	100	FALSE
	3	0	0	52	0	0	46	0	0	46.93877551020408	0	0	93.87755102040816	FALSE
	3	0	0	107	0	0	6	0	0	5.3097345132743365	0	0	10.619469026548673	FALSE
	3	0	0	37	0	0	59	0	0	61.458333333333336	0	0	61.458333333333336	FALSE
	3	0	0	75	0	0	45	0	0	37.5	0	0	75	FALSE
	3	0	0	46	0	0	40	0	0	46.51162790697674	0	0	93.02325581395348	FALSE
	3	0	0	84	0	0	14	0	0	14.285714285714285	0	0	28.57142857142857	FALSE
	3	0	0	89	0	0	16	0	0	15.238095238095239	0	0	30.476190476190478	FALSE
	3	0	0	84	0	0	23	0	0	21.495327102803735	0	0	42.99065420560747	FALSE
	3	0	0	97	0	0	83	0	0	46.111111111111114	0	0	92.22222222222224	FALSE
	3	0	0	1	0	0	35	0	0	97.22222222222221	0	0	97.22222222222221	FALSE
	3	0	0	57	0	0	22	0	0	27.848101265822784	0	0	55.69620253164557	FALSE
	3	0	0	57	0	0	32	0	0	35.95505617977528	0	0	71.91011235955057	FALSE
	3	0	0	85	0	0	16	0	0	15.841584158415841	0	0	31.683168316831683	FALSE
	3	0	0	79	0	0	18	0	0	18.556701030927837	0	0	37.11340206185567	FALSE
	3	0	0	63	0	0	22	0	0	25.882352941176475	0	0	51.76470588235295	FALSE
	3	0	0	71	0	0	2	0	0	2.73972602739726	0	0	5.47945205479452	FALSE
	3	0	0	47	0	0	23	0	0	32.857142857142854	0	0	65.71428571428571	FALSE
	3	0	0	85	0	0	48	0	0	36.09022556390977	0	0	72.18045112781954	FALSE
	3	0	0	84	0	0	40	0	0	32.25806451612903	0	0	64.51612903225806	FALSE
	3	0	0	73	0	0	38	0	0	34.234234234234236	0	0	68.46846846846847	FALSE
	3	0	0	57	0	0	25	0	0	30.48780487804878	0	0	60.97560975609756	FALSE
	3	0	0	58	0	0	1	0	0	1.694915254237288	0	0	3.389830508474576	FALSE
	3	0	0	29	0	0	52	0	0	64.19753086419753	0	0	64.19753086419753	FALSE
	3	0	0	54	0	0	21	0	0	28.000000000000004	0	0	56.00000000000001	FALSE
	3	0	0	60	0	0	22	0	0	26.82926829268293	0	0	53.65853658536586	FALSE
	3	0	0	89	0	0	69	0	0	43.67088607594937	0	0	87.34177215189874	FALSE
	3	0	0	81	0	0	54	0	0	40	0	0	80	FALSE
	3	0	0	49	0	0	14	0	0	22.22222222222222	0	0	44.44444444444444	FALSE
	3	0	0	103	0	0	59	0	0	36.41975308641975	0	0	72.8395061728395	FALSE
	3	0	0	76	0	0	42	0	0	35.59322033898305	0	0	71.1864406779661	FALSE
	3	0	0	28	0	0	0	0	0	0	0	0	0	FALSE
	3	0	0	88	0	0	54	0	0	38.028169014084504	0	0	76.05633802816901	FALSE
	3	0	0	61	0	0	19	0	0	23.75	0	0	47.5	FALSE
	3	0	0	59	0	0	47	0	0	44.33962264150943	0	0	88.67924528301886	FALSE
	3	0	0	89	0	0	44	0	0	33.08270676691729	0	0	66.16541353383458	FALSE
	3	0	0	61	0	0	21	0	0	25.609756097560975	0	0	51.21951219512195	FALSE
	3	0	0	34	0	0	13	0	0	27.659574468085108	0	0	55.319148936170215	FALSE
	3	0	0	57	0	0	21	0	0	26.923076923076923	0	0	53.84615384615385	FALSE
AHNAK2	3	0	0	56	0	0	20	0	0	26.31578947368421	0	0	52.63157894736842	TRUE
	3	0	0	72	0	0	22	0	0	23.404255319148938	0	0	46.808510638297875	FALSE
	3	0	0	73	0	0	12	0	0	14.117647058823529	0	0	28.235294117647058	FALSE
	3	0	0	42	0	0	24	0	0	36.36363636363637	0	0	72.72727272727273	FALSE
TP53	3	0	0	82	0	0	47	0	0	36.434108527131784	0	0	72.86821705426357	TRUE
TP53	3	0	0	52	0	0	22	0	0	29.72972972972973	0	0	59.45945945945946	TRUE
	3	0	0	45	0	0	21	0	0	31.818181818181817	0	0	63.63636363636363	FALSE
	3	0	0	49	0	0	0	0	0	0	0	0	0	FALSE
	3	0	0	134	0	0	18	0	0	11.842105263157894	0	0	23.684210526315788	FALSE
	3	0	0	67	0	0	20	0	0	22.988505747126435	0	0	45.97701149425287	FALSE
	3	0	0	60	0	0	27	0	0	31.03448275862069	0	0	62.06896551724138	FALSE
	3	0	0	50	0	0	20	0	0	28.57142857142857	0	0	57.14285714285714	FALSE
	3	0	0	77	0	0	40	0	0	34.18803418803419	0	0	68.37606837606837	FALSE
	3	0	0	64	0	0	24	0	0	27.27272727272727	0	0	54.54545454545454	FALSE
	3	0	0	45	0	0	0	0	0	0	0	0	0	FALSE
	3	0	0	103	0	0	21	0	0	16.93548387096774	0	0	33.87096774193548	FALSE
	3	0	0	108	0	0	46	0	0	29.87012987012987	0	0	59.74025974025974	FALSE
	3	0	0	63	0	0	0	0	0	0	0	0	0	FALSE
	3	0	0	58	0	0	18	0	0	23.684210526315788	0	0	47.368421052631575	FALSE
	3	0	0	105	0	0	52	0	0	33.12101910828025	0	0	66.2420382165605	FALSE
	3	0	0	60	0	0	12	0	0	16.666666666666664	0	0	33.33333333333333	FALSE
	3	0	0	14	0	0	23	0	0	62.16216216216216	0	0	62.16216216216216	FALSE
	3	0	0	77	0	0	8	0	0	9.411764705882351	0	0	18.823529411764703	FALSE
	3	0	0	51	0	0	4	0	0	7.2727272727272725	0	0	14.545454545454545	FALSE
	3	0	0	58	0	0	5	0	0	7.936507936507936	0	0	15.873015873015872	FALSE
	3	0	0	68	0	0	9	0	0	11.688311688311687	0	0	23.376623376623375	FALSE
MUC17	3	0	0	81	0	0	12	0	0	12.903225806451612	0	0	25.806451612903224	TRUE
MUC17	3	0	0	85	0	0	16	0	0	15.841584158415841	0	0	31.683168316831683	TRUE
	3	0	0	69	0	0	4	0	0	5.47945205479452	0	0	10.95890410958904	FALSE
	3	0	0	59	0	0	6	0	0	9.230769230769234	0	0	18.461538461538467	FALSE
	3	0	0	78	0	0	6	0	0	7.142857142857142	0	0	14.285714285714285	FALSE
	3	0	0	82	0	0	8	0	0	8.88888888888889	0	0	17.77777777777778	FALSE
	3	0	0	71	0	0	7	0	0	8.974358974358974	0	0	17.94871794871795	FALSE
TP53	3	0	0	59	0	0	8	0	0	11.940298507462686	0	0	23.88059701492537	TRUE
	3	0	0	43	0	0	7	0	0	14.000000000000002	0	0	28.000000000000004	FALSE
	3	0	0	74	0	0	11	0	0	12.941176470588237	0	0	25.882352941176475	FALSE
	3	0	0	77	0	0	6	0	0	7.228915662650602	0	0	14.457831325301203	FALSE
	3	0	0	52	0	0	9	0	0	14.754098360655735	0	0	29.50819672131147	FALSE
	3	0	0	65	0	0	8	0	0	10.95890410958904	0	0	21.91780821917808	FALSE
	3	0	0	85	0	0	7	0	0	7.608695652173914	0	0	15.217391304347828	FALSE
	3	0	0	23	0	0	10	0	0	30.303030303030305	0	0	60.60606060606061	FALSE
	3	0	0	70	0	0	4	0	0	5.405405405405405	0	0	10.81081081081081	FALSE
	3	0	0	80	0	0	8	0	0	9.090909090909092	0	0	18.181818181818183	FALSE
	3	0	0	61	0	0	4	0	0	6.153846153846154	0	0	12.307692307692308	FALSE
	3	0	0	34	0	0	7	0	0	17.073170731707318	0	0	34.146341463414636	FALSE
	3	0	0	72	0	0	5	0	0	6.493506493506493	0	0	12.987012987012985	FALSE
	3	0	0	68	0	0	4	0	0	5.555555555555555	0	0	11.11111111111111	FALSE
AHNAK2	3	0	0	98	0	0	6	0	0	5.769230769230769	0	0	11.538461538461538	TRUE
	3	0	0	90	0	0	6	0	0	6.25	0	0	12.5	FALSE
	3	0	0	69	0	0	9	0	0	11.53846153846154	0	0	23.07692307692308	FALSE
MAGEC1	3	0	0	23	0	0	4	0	0	14.814814814814813	0	0	29.629629629629626	TRUE
	3	0	0	70	0	0	46	0	0	39.6551724137931	0	0	79.3103448275862	FALSE
	3	0	0	59	0	0	39	0	0	39.795918367346935	0	0	79.59183673469387	FALSE
	3	0	0	76	0	0	24	0	0	24	0	0	48	FALSE
	3	0	0	79	0	0	15	0	0	15.957446808510639	0	0	31.914893617021278	FALSE
	3	0	0	61	0	0	12	0	0	16.43835616438356	0	0	32.87671232876712	FALSE
	3	0	0	47	0	0	17	0	0	26.5625	0	0	53.125	FALSE
	3	0	0	113	0	0	4	0	0	3.418803418803419	0	0	6.837606837606838	FALSE
	3	0	0	45	0	0	29	0	0	39.189189189189186	0	0	78.37837837837837	FALSE
	3	0	0	72	0	0	5	0	0	6.493506493506493	0	0	12.987012987012985	FALSE
	3	0	0	61	0	0	51	0	0	45.53571428571429	0	0	91.07142857142858	FALSE
	3	0	0	83	0	0	58	0	0	41.13475177304965	0	0	82.2695035460993	FALSE
	3	0	0	73	0	0	39	0	0	34.82142857142857	0	0	69.64285714285714	FALSE
	3	0	0	62	0	0	48	0	0	43.63636363636363	0	0	87.27272727272727	FALSE
	3	0	0	50	0	0	0	0	0	0	0	0	0	FALSE
	3	0	0	56	0	0	17	0	0	23.28767123287671	0	0	46.57534246575342	FALSE
	3	0	0	53	0	0	53	0	0	50	0	0	100	FALSE
	3	0	0	82	0	0	48	0	0	36.923076923076934	0	0	73.84615384615387	FALSE
	3	0	0	76	0	0	41	0	0	35.04273504273504	0	0	70.08547008547008	FALSE
	3	0	0	79	0	0	15	0	0	15.957446808510639	0	0	31.914893617021278	FALSE
	3	0	0	73	0	0	3	0	0	3.9473684210526305	0	0	7.894736842105261	FALSE
	3	0	0	75	0	0	50	0	0	40	0	0	80	FALSE
	3	0	0	56	0	0	35	0	0	38.46153846153847	0	0	76.92307692307693	FALSE
	3	0	0	28	0	0	0	0	0	0	0	0	0	FALSE
	3	0	0	64	0	0	12	0	0	15.789473684210522	0	0	31.578947368421044	FALSE
	3	0	0	76	0	0	46	0	0	37.704918032786885	0	0	75.40983606557377	FALSE
	3	0	0	71	0	0	16	0	0	18.39080459770115	0	0	36.7816091954023	FALSE
	3	0	0	87	0	0	37	0	0	29.838709677419356	0	0	59.67741935483871	FALSE
	3	0	0	68	0	0	10	0	0	12.82051282051282	0	0	25.64102564102564	FALSE
	3	0	0	63	0	0	26	0	0	29.213483146067414	0	0	58.42696629213483	FALSE
	3	0	0	63	0	0	29	0	0	31.521739130434785	0	0	63.04347826086957	FALSE
	3	0	0	82	0	0	44	0	0	34.92063492063492	0	0	69.84126984126983	FALSE
	3	0	0	52	0	0	20	0	0	27.77777777777778	0	0	55.55555555555556	FALSE
	3	0	0	73	0	0	16	0	0	17.97752808988764	0	0	35.95505617977528	FALSE
	3	0	0	46	0	0	0	0	0	0	0	0	0	FALSE
	3	0	0	56	0	0	17	0	0	23.28767123287671	0	0	46.57534246575342	FALSE
	3	0	0	67	0	0	15	0	0	18.29268292682927	0	0	36.58536585365854	FALSE
TP53	3	0	0	66	0	0	48	0	0	42.10526315789473	0	0	84.21052631578947	TRUE
TP53	3	0	0	53	0	0	19	0	0	26.38888888888889	0	0	52.77777777777778	TRUE
	3	0	0	72	0	0	16	0	0	18.181818181818183	0	0	36.36363636363637	FALSE
	3	0	0	40	0	0	16	0	0	28.57142857142857	0	0	57.14285714285714	FALSE
	3	0	0	49	0	0	0	0	0	0	0	0	0	FALSE
	3	0	0	62	0	0	24	0	0	27.906976744186046	0	0	55.81395348837209	FALSE
	3	0	0	52	0	0	10	0	0	16.129032258064516	0	0	32.25806451612903	FALSE
	3	0	0	54	0	0	19	0	0	26.027397260273972	0	0	52.054794520547944	FALSE
	3	0	0	49	0	0	16	0	0	24.615384615384617	0	0	49.23076923076923	FALSE
	3	0	0	65	0	0	46	0	0	41.44144144144144	0	0	82.88288288288288	FALSE
	3	0	0	54	0	0	23	0	0	29.87012987012987	0	0	59.74025974025974	FALSE
	3	0	0	60	0	0	23	0	0	27.710843373493976	0	0	55.42168674698795	FALSE
	3	0	0	45	0	0	0	0	0	0	0	0	0	FALSE
	3	0	0	102	0	0	4	0	0	3.7735849056603774	0	0	7.547169811320755	FALSE
	3	0	0	57	0	0	18	0	0	24	0	0	48	FALSE
	3	0	0	55	0	0	21	0	0	27.631578947368425	0	0	55.26315789473685	FALSE
	3	0	0	75	0	0	52	0	0	40.94488188976378	0	0	81.88976377952756	FALSE
	3	0	0	14	0	0	19	0	0	57.57575757575758	0	0	100	FALSE
	3	0	0	120	0	0	29	0	0	19.463087248322147	0	0	38.92617449664429	FALSE
	3	0	0	109	0	0	25	0	0	18.65671641791045	0	0	37.3134328358209	FALSE
	3	0	0	85	0	0	28	0	0	24.778761061946906	0	0	49.55752212389381	FALSE
	3	0	0	46	0	0	38	0	0	45.23809523809524	0	0	90.47619047619048	FALSE
	3	0	0	142	0	0	48	0	0	25.263157894736842	0	0	50.526315789473685	FALSE
	3	0	0	111	0	0	25	0	0	18.38235294117647	0	0	36.76470588235294	FALSE
	3	0	0	86	0	0	28	0	0	24.561403508771928	0	0	49.122807017543856	FALSE
	3	0	0	79	0	0	17	0	0	17.708333333333336	0	0	35.41666666666667	FALSE
	3	0	0	102	0	0	46	0	0	31.08108108108108	0	0	62.16216216216216	FALSE
	3	0	0	100	0	0	7	0	0	6.5420560747663545	0	0	13.084112149532709	FALSE
	3	0	0	123	0	0	57	0	0	31.666666666666664	0	0	63.33333333333333	FALSE
	3	0	0	110	0	0	8	0	0	6.779661016949152	0	0	13.559322033898304	FALSE
	3	0	0	104	0	0	27	0	0	20.610687022900763	0	0	41.221374045801525	FALSE
	3	0	0	114	0	0	8	0	0	6.557377049180328	0	0	13.114754098360656	FALSE
	3	0	0	79	0	0	17	0	0	17.708333333333336	0	0	35.41666666666667	FALSE
	3	0	0	40	0	0	19	0	0	32.20338983050847	0	0	64.40677966101694	FALSE
	3	0	0	96	0	0	14	0	0	12.727272727272727	0	0	25.454545454545453	FALSE
AHNAK2	3	0	0	52	0	0	9	0	0	14.754098360655735	0	0	29.50819672131147	TRUE
AHNAK2	3	0	0	133	0	0	10	0	0	6.993006993006993	0	0	13.986013986013987	TRUE
	3	0	0	124	0	0	7	0	0	5.343511450381679	0	0	10.68702290076336	FALSE
TP53	3	0	0	91	0	0	28	0	0	23.52941176470588	0	0	47.05882352941176	TRUE
TP53	3	0	0	71	0	0	22	0	0	23.655913978494624	0	0	47.31182795698925	TRUE
	3	0	0	58	0	0	28	0	0	32.55813953488372	0	0	65.11627906976744	FALSE
	3	0	0	83	0	0	40	0	0	32.52032520325203	0	0	65.04065040650406	FALSE
	3	0	0	78	0	0	28	0	0	26.41509433962264	0	0	52.83018867924528	FALSE
	3	0	0	86	0	0	20	0	0	18.867924528301888	0	0	37.735849056603776	FALSE
	3	0	0	95	0	0	25	0	0	20.833333333333336	0	0	41.66666666666667	FALSE
	3	0	0	87	0	0	21	0	0	19.444444444444446	0	0	38.88888888888889	FALSE
	3	0	0	67	0	0	14	0	0	17.28395061728395	0	0	34.5679012345679	FALSE
	3	0	0	80	0	0	30	0	0	27.27272727272727	0	0	54.54545454545454	FALSE
	3	0	0	132	0	0	51	0	0	27.86885245901639	0	0	55.73770491803278	FALSE
	3	0	0	20	0	0	28	0	0	58.333333333333336	0	0	100	FALSE
	3	0	0	36	0	0	6	0	0	14.285714285714285	0	0	28.57142857142857	FALSE
